combo_index,buy_pullback_rsi,sell_overbought_rsi,min_atr,extreme_setup_rsi,extreme_setup_rel_vol,return_pct,max_drawdown_pct,max_drawdown_abs,win_rate_pct,profit_factor,sharpe_ratio,trade_count
1,42.0,70.0,0.5,25.0,0.9,7.337066895454438,-10.197110591330361,10.197110591330361,44.0,1.1865995029892016,0.24534033594356508,125
2,42.0,70.0,0.5,25.0,1.0,7.337066895454438,-10.197110591330361,10.197110591330361,44.0,1.1865995029892016,0.24534033594356508,125
3,42.0,70.0,0.5,25.0,1.1,7.337066895454438,-10.197110591330361,10.197110591330361,44.0,1.1865995029892016,0.24534033594356508,125
4,42.0,70.0,0.5,30.0,0.9,7.337066895454438,-10.197110591330361,10.197110591330361,44.0,1.1865995029892016,0.24534033594356508,125
5,42.0,70.0,0.5,30.0,1.0,7.337066895454438,-10.197110591330361,10.197110591330361,44.0,1.1865995029892016,0.24534033594356508,125
6,42.0,70.0,0.5,30.0,1.1,7.337066895454438,-10.197110591330361,10.197110591330361,44.0,1.1865995029892016,0.24534033594356508,125
7,42.0,70.0,0.5,35.0,0.9,7.337066895454438,-10.197110591330361,10.197110591330361,44.0,1.1865995029892016,0.24534033594356508,125
8,42.0,70.0,0.5,35.0,1.0,7.337066895454438,-10.197110591330361,10.197110591330361,44.0,1.1865995029892016,0.24534033594356508,125
9,42.0,70.0,0.5,35.0,1.1,7.337066895454438,-10.197110591330361,10.197110591330361,44.0,1.1865995029892016,0.24534033594356508,125
10,42.0,70.0,1.5,25.0,0.9,7.337066895454438,-10.197110591330361,10.197110591330361,44.0,1.1865995029892016,0.24534033594356508,125
11,42.0,70.0,1.5,25.0,1.0,7.337066895454438,-10.197110591330361,10.197110591330361,44.0,1.1865995029892016,0.24534033594356508,125
12,42.0,70.0,1.5,25.0,1.1,7.337066895454438,-10.197110591330361,10.197110591330361,44.0,1.1865995029892016,0.24534033594356508,125
13,42.0,70.0,1.5,30.0,0.9,7.337066895454438,-10.197110591330361,10.197110591330361,44.0,1.1865995029892016,0.24534033594356508,125
14,42.0,70.0,1.5,30.0,1.0,7.337066895454438,-10.197110591330361,10.197110591330361,44.0,1.1865995029892016,0.24534033594356508,125
15,42.0,70.0,1.5,30.0,1.1,7.337066895454438,-10.197110591330361,10.197110591330361,44.0,1.1865995029892016,0.24534033594356508,125
16,42.0,70.0,1.5,35.0,0.9,7.337066895454438,-10.197110591330361,10.197110591330361,44.0,1.1865995029892016,0.24534033594356508,125
17,42.0,70.0,1.5,35.0,1.0,7.337066895454438,-10.197110591330361,10.197110591330361,44.0,1.1865995029892016,0.24534033594356508,125
18,42.0,70.0,1.5,35.0,1.1,7.337066895454438,-10.197110591330361,10.197110591330361,44.0,1.1865995029892016,0.24534033594356508,125
19,42.0,70.0,2.5,25.0,0.9,11.560893055885158,-10.133876439143064,10.133876439143064,45.16129032258064,1.424214678700059,0.3767508053980568,124
20,42.0,70.0,2.5,25.0,1.0,11.560893055885158,-10.133876439143064,10.133876439143064,45.16129032258064,1.424214678700059,0.3767508053980568,124
21,42.0,70.0,2.5,25.0,1.1,11.560893055885158,-10.133876439143064,10.133876439143064,45.16129032258064,1.424214678700059,0.3767508053980568,124
22,42.0,70.0,2.5,30.0,0.9,11.560893055885158,-10.133876439143064,10.133876439143064,45.16129032258064,1.424214678700059,0.3767508053980568,124
23,42.0,70.0,2.5,30.0,1.0,11.560893055885158,-10.133876439143064,10.133876439143064,45.16129032258064,1.424214678700059,0.3767508053980568,124
24,42.0,70.0,2.5,30.0,1.1,11.560893055885158,-10.133876439143064,10.133876439143064,45.16129032258064,1.424214678700059,0.3767508053980568,124
25,42.0,70.0,2.5,35.0,0.9,11.560893055885158,-10.133876439143064,10.133876439143064,45.16129032258064,1.424214678700059,0.3767508053980568,124
26,42.0,70.0,2.5,35.0,1.0,11.560893055885158,-10.133876439143064,10.133876439143064,45.16129032258064,1.424214678700059,0.3767508053980568,124
27,42.0,70.0,2.5,35.0,1.1,11.560893055885158,-10.133876439143064,10.133876439143064,45.16129032258064,1.424214678700059,0.3767508053980568,124
28,42.0,70.0,3.5,25.0,0.9,31.733547953117462,-4.534938879989337,4.534938879989337,45.45454545454545,1.4383610388800914,0.9058942956140419,132
29,42.0,70.0,3.5,25.0,1.0,31.733547953117462,-4.534938879989337,4.534938879989337,45.45454545454545,1.4383610388800914,0.9058942956140419,132
30,42.0,70.0,3.5,25.0,1.1,31.733547953117462,-4.534938879989337,4.534938879989337,45.45454545454545,1.4383610388800914,0.9058942956140419,132
31,42.0,70.0,3.5,30.0,0.9,31.733547953117462,-4.534938879989337,4.534938879989337,45.45454545454545,1.4383610388800914,0.9058942956140419,132
32,42.0,70.0,3.5,30.0,1.0,31.733547953117462,-4.534938879989337,4.534938879989337,45.45454545454545,1.4383610388800914,0.9058942956140419,132
33,42.0,70.0,3.5,30.0,1.1,31.733547953117462,-4.534938879989337,4.534938879989337,45.45454545454545,1.4383610388800914,0.9058942956140419,132
34,42.0,70.0,3.5,35.0,0.9,31.733547953117462,-4.534938879989337,4.534938879989337,45.45454545454545,1.4383610388800914,0.9058942956140419,132
35,42.0,70.0,3.5,35.0,1.0,31.733547953117462,-4.534938879989337,4.534938879989337,45.45454545454545,1.4383610388800914,0.9058942956140419,132
36,42.0,70.0,3.5,35.0,1.1,31.733547953117462,-4.534938879989337,4.534938879989337,45.45454545454545,1.4383610388800914,0.9058942956140419,132
37,42.0,74.0,0.5,25.0,0.9,7.337066895454438,-10.197110591330361,10.197110591330361,44.0,1.1865995029892016,0.24534033594356508,125
38,42.0,74.0,0.5,25.0,1.0,7.337066895454438,-10.197110591330361,10.197110591330361,44.0,1.1865995029892016,0.24534033594356508,125
39,42.0,74.0,0.5,25.0,1.1,7.337066895454438,-10.197110591330361,10.197110591330361,44.0,1.1865995029892016,0.24534033594356508,125
40,42.0,74.0,0.5,30.0,0.9,7.337066895454438,-10.197110591330361,10.197110591330361,44.0,1.1865995029892016,0.24534033594356508,125
41,42.0,74.0,0.5,30.0,1.0,7.337066895454438,-10.197110591330361,10.197110591330361,44.0,1.1865995029892016,0.24534033594356508,125
42,42.0,74.0,0.5,30.0,1.1,7.337066895454438,-10.197110591330361,10.197110591330361,44.0,1.1865995029892016,0.24534033594356508,125
43,42.0,74.0,0.5,35.0,0.9,7.337066895454438,-10.197110591330361,10.197110591330361,44.0,1.1865995029892016,0.24534033594356508,125
44,42.0,74.0,0.5,35.0,1.0,7.337066895454438,-10.197110591330361,10.197110591330361,44.0,1.1865995029892016,0.24534033594356508,125
45,42.0,74.0,0.5,35.0,1.1,7.337066895454438,-10.197110591330361,10.197110591330361,44.0,1.1865995029892016,0.24534033594356508,125
46,42.0,74.0,1.5,25.0,0.9,7.337066895454438,-10.197110591330361,10.197110591330361,44.0,1.1865995029892016,0.24534033594356508,125
47,42.0,74.0,1.5,25.0,1.0,7.337066895454438,-10.197110591330361,10.197110591330361,44.0,1.1865995029892016,0.24534033594356508,125
48,42.0,74.0,1.5,25.0,1.1,7.337066895454438,-10.197110591330361,10.197110591330361,44.0,1.1865995029892016,0.24534033594356508,125
49,42.0,74.0,1.5,30.0,0.9,7.337066895454438,-10.197110591330361,10.197110591330361,44.0,1.1865995029892016,0.24534033594356508,125
50,42.0,74.0,1.5,30.0,1.0,7.337066895454438,-10.197110591330361,10.197110591330361,44.0,1.1865995029892016,0.24534033594356508,125
51,42.0,74.0,1.5,30.0,1.1,7.337066895454438,-10.197110591330361,10.197110591330361,44.0,1.1865995029892016,0.24534033594356508,125
52,42.0,74.0,1.5,35.0,0.9,7.337066895454438,-10.197110591330361,10.197110591330361,44.0,1.1865995029892016,0.24534033594356508,125
53,42.0,74.0,1.5,35.0,1.0,7.337066895454438,-10.197110591330361,10.197110591330361,44.0,1.1865995029892016,0.24534033594356508,125
54,42.0,74.0,1.5,35.0,1.1,7.337066895454438,-10.197110591330361,10.197110591330361,44.0,1.1865995029892016,0.24534033594356508,125
55,42.0,74.0,2.5,25.0,0.9,11.560893055885158,-10.133876439143064,10.133876439143064,45.16129032258064,1.424214678700059,0.3767508053980568,124
56,42.0,74.0,2.5,25.0,1.0,11.560893055885158,-10.133876439143064,10.133876439143064,45.16129032258064,1.424214678700059,0.3767508053980568,124
57,42.0,74.0,2.5,25.0,1.1,11.560893055885158,-10.133876439143064,10.133876439143064,45.16129032258064,1.424214678700059,0.3767508053980568,124
58,42.0,74.0,2.5,30.0,0.9,11.560893055885158,-10.133876439143064,10.133876439143064,45.16129032258064,1.424214678700059,0.3767508053980568,124
59,42.0,74.0,2.5,30.0,1.0,11.560893055885158,-10.133876439143064,10.133876439143064,45.16129032258064,1.424214678700059,0.3767508053980568,124
60,42.0,74.0,2.5,30.0,1.1,11.560893055885158,-10.133876439143064,10.133876439143064,45.16129032258064,1.424214678700059,0.3767508053980568,124
61,42.0,74.0,2.5,35.0,0.9,11.560893055885158,-10.133876439143064,10.133876439143064,45.16129032258064,1.424214678700059,0.3767508053980568,124
62,42.0,74.0,2.5,35.0,1.0,11.560893055885158,-10.133876439143064,10.133876439143064,45.16129032258064,1.424214678700059,0.3767508053980568,124
63,42.0,74.0,2.5,35.0,1.1,11.560893055885158,-10.133876439143064,10.133876439143064,45.16129032258064,1.424214678700059,0.3767508053980568,124
64,42.0,74.0,3.5,25.0,0.9,31.733547953117462,-4.534938879989337,4.534938879989337,45.45454545454545,1.4383610388800914,0.9058942956140419,132
65,42.0,74.0,3.5,25.0,1.0,31.733547953117462,-4.534938879989337,4.534938879989337,45.45454545454545,1.4383610388800914,0.9058942956140419,132
66,42.0,74.0,3.5,25.0,1.1,31.733547953117462,-4.534938879989337,4.534938879989337,45.45454545454545,1.4383610388800914,0.9058942956140419,132
67,42.0,74.0,3.5,30.0,0.9,31.733547953117462,-4.534938879989337,4.534938879989337,45.45454545454545,1.4383610388800914,0.9058942956140419,132
68,42.0,74.0,3.5,30.0,1.0,31.733547953117462,-4.534938879989337,4.534938879989337,45.45454545454545,1.4383610388800914,0.9058942956140419,132
69,42.0,74.0,3.5,30.0,1.1,31.733547953117462,-4.534938879989337,4.534938879989337,45.45454545454545,1.4383610388800914,0.9058942956140419,132
70,42.0,74.0,3.5,35.0,0.9,31.733547953117462,-4.534938879989337,4.534938879989337,45.45454545454545,1.4383610388800914,0.9058942956140419,132
71,42.0,74.0,3.5,35.0,1.0,31.733547953117462,-4.534938879989337,4.534938879989337,45.45454545454545,1.4383610388800914,0.9058942956140419,132
72,42.0,74.0,3.5,35.0,1.1,31.733547953117462,-4.534938879989337,4.534938879989337,45.45454545454545,1.4383610388800914,0.9058942956140419,132
73,42.0,78.0,0.5,25.0,0.9,7.337066895454438,-10.197110591330361,10.197110591330361,44.0,1.1865995029892016,0.24534033594356508,125
74,42.0,78.0,0.5,25.0,1.0,7.337066895454438,-10.197110591330361,10.197110591330361,44.0,1.1865995029892016,0.24534033594356508,125
75,42.0,78.0,0.5,25.0,1.1,7.337066895454438,-10.197110591330361,10.197110591330361,44.0,1.1865995029892016,0.24534033594356508,125
76,42.0,78.0,0.5,30.0,0.9,7.337066895454438,-10.197110591330361,10.197110591330361,44.0,1.1865995029892016,0.24534033594356508,125
77,42.0,78.0,0.5,30.0,1.0,7.337066895454438,-10.197110591330361,10.197110591330361,44.0,1.1865995029892016,0.24534033594356508,125
78,42.0,78.0,0.5,30.0,1.1,7.337066895454438,-10.197110591330361,10.197110591330361,44.0,1.1865995029892016,0.24534033594356508,125
79,42.0,78.0,0.5,35.0,0.9,7.337066895454438,-10.197110591330361,10.197110591330361,44.0,1.1865995029892016,0.24534033594356508,125
80,42.0,78.0,0.5,35.0,1.0,7.337066895454438,-10.197110591330361,10.197110591330361,44.0,1.1865995029892016,0.24534033594356508,125
81,42.0,78.0,0.5,35.0,1.1,7.337066895454438,-10.197110591330361,10.197110591330361,44.0,1.1865995029892016,0.24534033594356508,125
82,42.0,78.0,1.5,25.0,0.9,7.337066895454438,-10.197110591330361,10.197110591330361,44.0,1.1865995029892016,0.24534033594356508,125
83,42.0,78.0,1.5,25.0,1.0,7.337066895454438,-10.197110591330361,10.197110591330361,44.0,1.1865995029892016,0.24534033594356508,125
84,42.0,78.0,1.5,25.0,1.1,7.337066895454438,-10.197110591330361,10.197110591330361,44.0,1.1865995029892016,0.24534033594356508,125
85,42.0,78.0,1.5,30.0,0.9,7.337066895454438,-10.197110591330361,10.197110591330361,44.0,1.1865995029892016,0.24534033594356508,125
86,42.0,78.0,1.5,30.0,1.0,7.337066895454438,-10.197110591330361,10.197110591330361,44.0,1.1865995029892016,0.24534033594356508,125
87,42.0,78.0,1.5,30.0,1.1,7.337066895454438,-10.197110591330361,10.197110591330361,44.0,1.1865995029892016,0.24534033594356508,125
88,42.0,78.0,1.5,35.0,0.9,7.337066895454438,-10.197110591330361,10.197110591330361,44.0,1.1865995029892016,0.24534033594356508,125
89,42.0,78.0,1.5,35.0,1.0,7.337066895454438,-10.197110591330361,10.197110591330361,44.0,1.1865995029892016,0.24534033594356508,125
90,42.0,78.0,1.5,35.0,1.1,7.337066895454438,-10.197110591330361,10.197110591330361,44.0,1.1865995029892016,0.24534033594356508,125
91,42.0,78.0,2.5,25.0,0.9,11.560893055885158,-10.133876439143064,10.133876439143064,45.16129032258064,1.424214678700059,0.3767508053980568,124
92,42.0,78.0,2.5,25.0,1.0,11.560893055885158,-10.133876439143064,10.133876439143064,45.16129032258064,1.424214678700059,0.3767508053980568,124
93,42.0,78.0,2.5,25.0,1.1,11.560893055885158,-10.133876439143064,10.133876439143064,45.16129032258064,1.424214678700059,0.3767508053980568,124
94,42.0,78.0,2.5,30.0,0.9,11.560893055885158,-10.133876439143064,10.133876439143064,45.16129032258064,1.424214678700059,0.3767508053980568,124
95,42.0,78.0,2.5,30.0,1.0,11.560893055885158,-10.133876439143064,10.133876439143064,45.16129032258064,1.424214678700059,0.3767508053980568,124
96,42.0,78.0,2.5,30.0,1.1,11.560893055885158,-10.133876439143064,10.133876439143064,45.16129032258064,1.424214678700059,0.3767508053980568,124
97,42.0,78.0,2.5,35.0,0.9,11.560893055885158,-10.133876439143064,10.133876439143064,45.16129032258064,1.424214678700059,0.3767508053980568,124
98,42.0,78.0,2.5,35.0,1.0,11.560893055885158,-10.133876439143064,10.133876439143064,45.16129032258064,1.424214678700059,0.3767508053980568,124
99,42.0,78.0,2.5,35.0,1.1,11.560893055885158,-10.133876439143064,10.133876439143064,45.16129032258064,1.424214678700059,0.3767508053980568,124
100,42.0,78.0,3.5,25.0,0.9,31.733547953117462,-4.534938879989337,4.534938879989337,45.45454545454545,1.4383610388800914,0.9058942956140419,132
101,42.0,78.0,3.5,25.0,1.0,31.733547953117462,-4.534938879989337,4.534938879989337,45.45454545454545,1.4383610388800914,0.9058942956140419,132
102,42.0,78.0,3.5,25.0,1.1,31.733547953117462,-4.534938879989337,4.534938879989337,45.45454545454545,1.4383610388800914,0.9058942956140419,132
103,42.0,78.0,3.5,30.0,0.9,31.733547953117462,-4.534938879989337,4.534938879989337,45.45454545454545,1.4383610388800914,0.9058942956140419,132
104,42.0,78.0,3.5,30.0,1.0,31.733547953117462,-4.534938879989337,4.534938879989337,45.45454545454545,1.4383610388800914,0.9058942956140419,132
105,42.0,78.0,3.5,30.0,1.1,31.733547953117462,-4.534938879989337,4.534938879989337,45.45454545454545,1.4383610388800914,0.9058942956140419,132
106,42.0,78.0,3.5,35.0,0.9,31.733547953117462,-4.534938879989337,4.534938879989337,45.45454545454545,1.4383610388800914,0.9058942956140419,132
107,42.0,78.0,3.5,35.0,1.0,31.733547953117462,-4.534938879989337,4.534938879989337,45.45454545454545,1.4383610388800914,0.9058942956140419,132
108,42.0,78.0,3.5,35.0,1.1,31.733547953117462,-4.534938879989337,4.534938879989337,45.45454545454545,1.4383610388800914,0.9058942956140419,132
109,46.0,70.0,0.5,25.0,0.9,3.854630332351589,-10.102936840594989,10.102936840594989,43.84615384615385,1.123269973718414,0.10953429069852602,130
110,46.0,70.0,0.5,25.0,1.0,3.854630332351589,-10.102936840594989,10.102936840594989,43.84615384615385,1.123269973718414,0.10953429069852602,130
111,46.0,70.0,0.5,25.0,1.1,3.854630332351589,-10.102936840594989,10.102936840594989,43.84615384615385,1.123269973718414,0.10953429069852602,130
112,46.0,70.0,0.5,30.0,0.9,3.854630332351589,-10.102936840594989,10.102936840594989,43.84615384615385,1.123269973718414,0.10953429069852602,130
113,46.0,70.0,0.5,30.0,1.0,3.854630332351589,-10.102936840594989,10.102936840594989,43.84615384615385,1.123269973718414,0.10953429069852602,130
114,46.0,70.0,0.5,30.0,1.1,3.854630332351589,-10.102936840594989,10.102936840594989,43.84615384615385,1.123269973718414,0.10953429069852602,130
115,46.0,70.0,0.5,35.0,0.9,3.854630332351589,-10.102936840594989,10.102936840594989,43.84615384615385,1.123269973718414,0.10953429069852602,130
116,46.0,70.0,0.5,35.0,1.0,3.854630332351589,-10.102936840594989,10.102936840594989,43.84615384615385,1.123269973718414,0.10953429069852602,130
117,46.0,70.0,0.5,35.0,1.1,3.854630332351589,-10.102936840594989,10.102936840594989,43.84615384615385,1.123269973718414,0.10953429069852602,130
118,46.0,70.0,1.5,25.0,0.9,3.854630332351589,-10.102936840594989,10.102936840594989,43.84615384615385,1.123269973718414,0.10953429069852602,130
119,46.0,70.0,1.5,25.0,1.0,3.854630332351589,-10.102936840594989,10.102936840594989,43.84615384615385,1.123269973718414,0.10953429069852602,130
120,46.0,70.0,1.5,25.0,1.1,3.854630332351589,-10.102936840594989,10.102936840594989,43.84615384615385,1.123269973718414,0.10953429069852602,130
121,46.0,70.0,1.5,30.0,0.9,3.854630332351589,-10.102936840594989,10.102936840594989,43.84615384615385,1.123269973718414,0.10953429069852602,130
122,46.0,70.0,1.5,30.0,1.0,3.854630332351589,-10.102936840594989,10.102936840594989,43.84615384615385,1.123269973718414,0.10953429069852602,130
123,46.0,70.0,1.5,30.0,1.1,3.854630332351589,-10.102936840594989,10.102936840594989,43.84615384615385,1.123269973718414,0.10953429069852602,130
124,46.0,70.0,1.5,35.0,0.9,3.854630332351589,-10.102936840594989,10.102936840594989,43.84615384615385,1.123269973718414,0.10953429069852602,130
125,46.0,70.0,1.5,35.0,1.0,3.854630332351589,-10.102936840594989,10.102936840594989,43.84615384615385,1.123269973718414,0.10953429069852602,130
126,46.0,70.0,1.5,35.0,1.1,3.854630332351589,-10.102936840594989,10.102936840594989,43.84615384615385,1.123269973718414,0.10953429069852602,130
127,46.0,70.0,2.5,25.0,0.9,11.772825853912247,-10.130297965520974,10.130297965520974,44.09448818897638,1.3480313247333289,0.36235966718673335,127
128,46.0,70.0,2.5,25.0,1.0,11.772825853912247,-10.130297965520974,10.130297965520974,44.09448818897638,1.3480313247333289,0.36235966718673335,127
129,46.0,70.0,2.5,25.0,1.1,11.772825853912247,-10.130297965520974,10.130297965520974,44.09448818897638,1.3480313247333289,0.36235966718673335,127
130,46.0,70.0,2.5,30.0,0.9,11.772825853912247,-10.130297965520974,10.130297965520974,44.09448818897638,1.3480313247333289,0.36235966718673335,127
131,46.0,70.0,2.5,30.0,1.0,11.772825853912247,-10.130297965520974,10.130297965520974,44.09448818897638,1.3480313247333289,0.36235966718673335,127
132,46.0,70.0,2.5,30.0,1.1,11.772825853912247,-10.130297965520974,10.130297965520974,44.09448818897638,1.3480313247333289,0.36235966718673335,127
133,46.0,70.0,2.5,35.0,0.9,11.772825853912247,-10.130297965520974,10.130297965520974,44.09448818897638,1.3480313247333289,0.36235966718673335,127
134,46.0,70.0,2.5,35.0,1.0,11.772825853912247,-10.130297965520974,10.130297965520974,44.09448818897638,1.3480313247333289,0.36235966718673335,127
135,46.0,70.0,2.5,35.0,1.1,11.772825853912247,-10.130297965520974,10.130297965520974,44.09448818897638,1.3480313247333289,0.36235966718673335,127
136,46.0,70.0,3.5,25.0,0.9,22.955588869605855,-10.242933378736229,10.242933378736229,45.45454545454545,1.443008047772295,0.5407587784107758,132
137,46.0,70.0,3.5,25.0,1.0,22.955588869605855,-10.242933378736229,10.242933378736229,45.45454545454545,1.443008047772295,0.5407587784107758,132
138,46.0,70.0,3.5,25.0,1.1,22.955588869605855,-10.242933378736229,10.242933378736229,45.45454545454545,1.443008047772295,0.5407587784107758,132
139,46.0,70.0,3.5,30.0,0.9,22.955588869605855,-10.242933378736229,10.242933378736229,45.45454545454545,1.443008047772295,0.5407587784107758,132
140,46.0,70.0,3.5,30.0,1.0,22.955588869605855,-10.242933378736229,10.242933378736229,45.45454545454545,1.443008047772295,0.5407587784107758,132
141,46.0,70.0,3.5,30.0,1.1,22.955588869605855,-10.242933378736229,10.242933378736229,45.45454545454545,1.443008047772295,0.5407587784107758,132
142,46.0,70.0,3.5,35.0,0.9,22.955588869605855,-10.242933378736229,10.242933378736229,45.45454545454545,1.443008047772295,0.5407587784107758,132
143,46.0,70.0,3.5,35.0,1.0,22.955588869605855,-10.242933378736229,10.242933378736229,45.45454545454545,1.443008047772295,0.5407587784107758,132
144,46.0,70.0,3.5,35.0,1.1,22.955588869605855,-10.242933378736229,10.242933378736229,45.45454545454545,1.443008047772295,0.5407587784107758,132
145,46.0,74.0,0.5,25.0,0.9,3.854630332351589,-10.102936840594989,10.102936840594989,43.84615384615385,1.123269973718414,0.10953429069852602,130
146,46.0,74.0,0.5,25.0,1.0,3.854630332351589,-10.102936840594989,10.102936840594989,43.84615384615385,1.123269973718414,0.10953429069852602,130
147,46.0,74.0,0.5,25.0,1.1,3.854630332351589,-10.102936840594989,10.102936840594989,43.84615384615385,1.123269973718414,0.10953429069852602,130
148,46.0,74.0,0.5,30.0,0.9,3.854630332351589,-10.102936840594989,10.102936840594989,43.84615384615385,1.123269973718414,0.10953429069852602,130
149,46.0,74.0,0.5,30.0,1.0,3.854630332351589,-10.102936840594989,10.102936840594989,43.84615384615385,1.123269973718414,0.10953429069852602,130
150,46.0,74.0,0.5,30.0,1.1,3.854630332351589,-10.102936840594989,10.102936840594989,43.84615384615385,1.123269973718414,0.10953429069852602,130
151,46.0,74.0,0.5,35.0,0.9,3.854630332351589,-10.102936840594989,10.102936840594989,43.84615384615385,1.123269973718414,0.10953429069852602,130
152,46.0,74.0,0.5,35.0,1.0,3.854630332351589,-10.102936840594989,10.102936840594989,43.84615384615385,1.123269973718414,0.10953429069852602,130
153,46.0,74.0,0.5,35.0,1.1,3.854630332351589,-10.102936840594989,10.102936840594989,43.84615384615385,1.123269973718414,0.10953429069852602,130
154,46.0,74.0,1.5,25.0,0.9,3.854630332351589,-10.102936840594989,10.102936840594989,43.84615384615385,1.123269973718414,0.10953429069852602,130
155,46.0,74.0,1.5,25.0,1.0,3.854630332351589,-10.102936840594989,10.102936840594989,43.84615384615385,1.123269973718414,0.10953429069852602,130
156,46.0,74.0,1.5,25.0,1.1,3.854630332351589,-10.102936840594989,10.102936840594989,43.84615384615385,1.123269973718414,0.10953429069852602,130
157,46.0,74.0,1.5,30.0,0.9,3.854630332351589,-10.102936840594989,10.102936840594989,43.84615384615385,1.123269973718414,0.10953429069852602,130
158,46.0,74.0,1.5,30.0,1.0,3.854630332351589,-10.102936840594989,10.102936840594989,43.84615384615385,1.123269973718414,0.10953429069852602,130
159,46.0,74.0,1.5,30.0,1.1,3.854630332351589,-10.102936840594989,10.102936840594989,43.84615384615385,1.123269973718414,0.10953429069852602,130
160,46.0,74.0,1.5,35.0,0.9,3.854630332351589,-10.102936840594989,10.102936840594989,43.84615384615385,1.123269973718414,0.10953429069852602,130
161,46.0,74.0,1.5,35.0,1.0,3.854630332351589,-10.102936840594989,10.102936840594989,43.84615384615385,1.123269973718414,0.10953429069852602,130
162,46.0,74.0,1.5,35.0,1.1,3.854630332351589,-10.102936840594989,10.102936840594989,43.84615384615385,1.123269973718414,0.10953429069852602,130
163,46.0,74.0,2.5,25.0,0.9,11.772825853912247,-10.130297965520974,10.130297965520974,44.09448818897638,1.3480313247333289,0.36235966718673335,127
164,46.0,74.0,2.5,25.0,1.0,11.772825853912247,-10.130297965520974,10.130297965520974,44.09448818897638,1.3480313247333289,0.36235966718673335,127
165,46.0,74.0,2.5,25.0,1.1,11.772825853912247,-10.130297965520974,10.130297965520974,44.09448818897638,1.3480313247333289,0.36235966718673335,127
166,46.0,74.0,2.5,30.0,0.9,11.772825853912247,-10.130297965520974,10.130297965520974,44.09448818897638,1.3480313247333289,0.36235966718673335,127
167,46.0,74.0,2.5,30.0,1.0,11.772825853912247,-10.130297965520974,10.130297965520974,44.09448818897638,1.3480313247333289,0.36235966718673335,127
168,46.0,74.0,2.5,30.0,1.1,11.772825853912247,-10.130297965520974,10.130297965520974,44.09448818897638,1.3480313247333289,0.36235966718673335,127
169,46.0,74.0,2.5,35.0,0.9,11.772825853912247,-10.130297965520974,10.130297965520974,44.09448818897638,1.3480313247333289,0.36235966718673335,127
170,46.0,74.0,2.5,35.0,1.0,11.772825853912247,-10.130297965520974,10.130297965520974,44.09448818897638,1.3480313247333289,0.36235966718673335,127
171,46.0,74.0,2.5,35.0,1.1,11.772825853912247,-10.130297965520974,10.130297965520974,44.09448818897638,1.3480313247333289,0.36235966718673335,127
172,46.0,74.0,3.5,25.0,0.9,22.955588869605855,-10.242933378736229,10.242933378736229,45.45454545454545,1.443008047772295,0.5407587784107758,132
173,46.0,74.0,3.5,25.0,1.0,22.955588869605855,-10.242933378736229,10.242933378736229,45.45454545454545,1.443008047772295,0.5407587784107758,132
174,46.0,74.0,3.5,25.0,1.1,22.955588869605855,-10.242933378736229,10.242933378736229,45.45454545454545,1.443008047772295,0.5407587784107758,132
175,46.0,74.0,3.5,30.0,0.9,22.955588869605855,-10.242933378736229,10.242933378736229,45.45454545454545,1.443008047772295,0.5407587784107758,132
176,46.0,74.0,3.5,30.0,1.0,22.955588869605855,-10.242933378736229,10.242933378736229,45.45454545454545,1.443008047772295,0.5407587784107758,132
177,46.0,74.0,3.5,30.0,1.1,22.955588869605855,-10.242933378736229,10.242933378736229,45.45454545454545,1.443008047772295,0.5407587784107758,132
178,46.0,74.0,3.5,35.0,0.9,22.955588869605855,-10.242933378736229,10.242933378736229,45.45454545454545,1.443008047772295,0.5407587784107758,132
179,46.0,74.0,3.5,35.0,1.0,22.955588869605855,-10.242933378736229,10.242933378736229,45.45454545454545,1.443008047772295,0.5407587784107758,132
180,46.0,74.0,3.5,35.0,1.1,22.955588869605855,-10.242933378736229,10.242933378736229,45.45454545454545,1.443008047772295,0.5407587784107758,132
181,46.0,78.0,0.5,25.0,0.9,3.854630332351589,-10.102936840594989,10.102936840594989,43.84615384615385,1.123269973718414,0.10953429069852602,130
182,46.0,78.0,0.5,25.0,1.0,3.854630332351589,-10.102936840594989,10.102936840594989,43.84615384615385,1.123269973718414,0.10953429069852602,130
183,46.0,78.0,0.5,25.0,1.1,3.854630332351589,-10.102936840594989,10.102936840594989,43.84615384615385,1.123269973718414,0.10953429069852602,130
184,46.0,78.0,0.5,30.0,0.9,3.854630332351589,-10.102936840594989,10.102936840594989,43.84615384615385,1.123269973718414,0.10953429069852602,130
185,46.0,78.0,0.5,30.0,1.0,3.854630332351589,-10.102936840594989,10.102936840594989,43.84615384615385,1.123269973718414,0.10953429069852602,130
186,46.0,78.0,0.5,30.0,1.1,3.854630332351589,-10.102936840594989,10.102936840594989,43.84615384615385,1.123269973718414,0.10953429069852602,130
187,46.0,78.0,0.5,35.0,0.9,3.854630332351589,-10.102936840594989,10.102936840594989,43.84615384615385,1.123269973718414,0.10953429069852602,130
188,46.0,78.0,0.5,35.0,1.0,3.854630332351589,-10.102936840594989,10.102936840594989,43.84615384615385,1.123269973718414,0.10953429069852602,130
189,46.0,78.0,0.5,35.0,1.1,3.854630332351589,-10.102936840594989,10.102936840594989,43.84615384615385,1.123269973718414,0.10953429069852602,130
190,46.0,78.0,1.5,25.0,0.9,3.854630332351589,-10.102936840594989,10.102936840594989,43.84615384615385,1.123269973718414,0.10953429069852602,130
191,46.0,78.0,1.5,25.0,1.0,3.854630332351589,-10.102936840594989,10.102936840594989,43.84615384615385,1.123269973718414,0.10953429069852602,130
192,46.0,78.0,1.5,25.0,1.1,3.854630332351589,-10.102936840594989,10.102936840594989,43.84615384615385,1.123269973718414,0.10953429069852602,130
193,46.0,78.0,1.5,30.0,0.9,3.854630332351589,-10.102936840594989,10.102936840594989,43.84615384615385,1.123269973718414,0.10953429069852602,130
194,46.0,78.0,1.5,30.0,1.0,3.854630332351589,-10.102936840594989,10.102936840594989,43.84615384615385,1.123269973718414,0.10953429069852602,130
195,46.0,78.0,1.5,30.0,1.1,3.854630332351589,-10.102936840594989,10.102936840594989,43.84615384615385,1.123269973718414,0.10953429069852602,130
196,46.0,78.0,1.5,35.0,0.9,3.854630332351589,-10.102936840594989,10.102936840594989,43.84615384615385,1.123269973718414,0.10953429069852602,130
197,46.0,78.0,1.5,35.0,1.0,3.854630332351589,-10.102936840594989,10.102936840594989,43.84615384615385,1.123269973718414,0.10953429069852602,130
198,46.0,78.0,1.5,35.0,1.1,3.854630332351589,-10.102936840594989,10.102936840594989,43.84615384615385,1.123269973718414,0.10953429069852602,130
199,46.0,78.0,2.5,25.0,0.9,11.772825853912247,-10.130297965520974,10.130297965520974,44.09448818897638,1.3480313247333289,0.36235966718673335,127
200,46.0,78.0,2.5,25.0,1.0,11.772825853912247,-10.130297965520974,10.130297965520974,44.09448818897638,1.3480313247333289,0.36235966718673335,127
201,46.0,78.0,2.5,25.0,1.1,11.772825853912247,-10.130297965520974,10.130297965520974,44.09448818897638,1.3480313247333289,0.36235966718673335,127
202,46.0,78.0,2.5,30.0,0.9,11.772825853912247,-10.130297965520974,10.130297965520974,44.09448818897638,1.3480313247333289,0.36235966718673335,127
203,46.0,78.0,2.5,30.0,1.0,11.772825853912247,-10.130297965520974,10.130297965520974,44.09448818897638,1.3480313247333289,0.36235966718673335,127
204,46.0,78.0,2.5,30.0,1.1,11.772825853912247,-10.130297965520974,10.130297965520974,44.09448818897638,1.3480313247333289,0.36235966718673335,127
205,46.0,78.0,2.5,35.0,0.9,11.772825853912247,-10.130297965520974,10.130297965520974,44.09448818897638,1.3480313247333289,0.36235966718673335,127
206,46.0,78.0,2.5,35.0,1.0,11.772825853912247,-10.130297965520974,10.130297965520974,44.09448818897638,1.3480313247333289,0.36235966718673335,127
207,46.0,78.0,2.5,35.0,1.1,11.772825853912247,-10.130297965520974,10.130297965520974,44.09448818897638,1.3480313247333289,0.36235966718673335,127
208,46.0,78.0,3.5,25.0,0.9,22.955588869605855,-10.242933378736229,10.242933378736229,45.45454545454545,1.443008047772295,0.5407587784107758,132
209,46.0,78.0,3.5,25.0,1.0,22.955588869605855,-10.242933378736229,10.242933378736229,45.45454545454545,1.443008047772295,0.5407587784107758,132
210,46.0,78.0,3.5,25.0,1.1,22.955588869605855,-10.242933378736229,10.242933378736229,45.45454545454545,1.443008047772295,0.5407587784107758,132
211,46.0,78.0,3.5,30.0,0.9,22.955588869605855,-10.242933378736229,10.242933378736229,45.45454545454545,1.443008047772295,0.5407587784107758,132
212,46.0,78.0,3.5,30.0,1.0,22.955588869605855,-10.242933378736229,10.242933378736229,45.45454545454545,1.443008047772295,0.5407587784107758,132
213,46.0,78.0,3.5,30.0,1.1,22.955588869605855,-10.242933378736229,10.242933378736229,45.45454545454545,1.443008047772295,0.5407587784107758,132
214,46.0,78.0,3.5,35.0,0.9,22.955588869605855,-10.242933378736229,10.242933378736229,45.45454545454545,1.443008047772295,0.5407587784107758,132
215,46.0,78.0,3.5,35.0,1.0,22.955588869605855,-10.242933378736229,10.242933378736229,45.45454545454545,1.443008047772295,0.5407587784107758,132
216,46.0,78.0,3.5,35.0,1.1,22.955588869605855,-10.242933378736229,10.242933378736229,45.45454545454545,1.443008047772295,0.5407587784107758,132
217,50.0,70.0,0.5,25.0,0.9,-2.055156759056219,-9.872225235096565,9.872225235096565,43.82716049382716,1.1361629130303794,-0.07057043720799352,162
218,50.0,70.0,0.5,25.0,1.0,-2.055156759056219,-9.872225235096565,9.872225235096565,43.82716049382716,1.1361629130303794,-0.07057043720799352,162
219,50.0,70.0,0.5,25.0,1.1,-2.055156759056219,-9.872225235096565,9.872225235096565,43.82716049382716,1.1361629130303794,-0.07057043720799352,162
220,50.0,70.0,0.5,30.0,0.9,-2.055156759056219,-9.872225235096565,9.872225235096565,43.82716049382716,1.1361629130303794,-0.07057043720799352,162
221,50.0,70.0,0.5,30.0,1.0,-2.055156759056219,-9.872225235096565,9.872225235096565,43.82716049382716,1.1361629130303794,-0.07057043720799352,162
222,50.0,70.0,0.5,30.0,1.1,-2.055156759056219,-9.872225235096565,9.872225235096565,43.82716049382716,1.1361629130303794,-0.07057043720799352,162
223,50.0,70.0,0.5,35.0,0.9,-2.055156759056219,-9.872225235096565,9.872225235096565,43.82716049382716,1.1361629130303794,-0.07057043720799352,162
224,50.0,70.0,0.5,35.0,1.0,-2.055156759056219,-9.872225235096565,9.872225235096565,43.82716049382716,1.1361629130303794,-0.07057043720799352,162
225,50.0,70.0,0.5,35.0,1.1,-2.055156759056219,-9.872225235096565,9.872225235096565,43.82716049382716,1.1361629130303794,-0.07057043720799352,162
226,50.0,70.0,1.5,25.0,0.9,-2.055156759056219,-9.872225235096565,9.872225235096565,43.82716049382716,1.1361629130303794,-0.07057043720799352,162
227,50.0,70.0,1.5,25.0,1.0,-2.055156759056219,-9.872225235096565,9.872225235096565,43.82716049382716,1.1361629130303794,-0.07057043720799352,162
228,50.0,70.0,1.5,25.0,1.1,-2.055156759056219,-9.872225235096565,9.872225235096565,43.82716049382716,1.1361629130303794,-0.07057043720799352,162
229,50.0,70.0,1.5,30.0,0.9,-2.055156759056219,-9.872225235096565,9.872225235096565,43.82716049382716,1.1361629130303794,-0.07057043720799352,162
230,50.0,70.0,1.5,30.0,1.0,-2.055156759056219,-9.872225235096565,9.872225235096565,43.82716049382716,1.1361629130303794,-0.07057043720799352,162
231,50.0,70.0,1.5,30.0,1.1,-2.055156759056219,-9.872225235096565,9.872225235096565,43.82716049382716,1.1361629130303794,-0.07057043720799352,162
232,50.0,70.0,1.5,35.0,0.9,-2.055156759056219,-9.872225235096565,9.872225235096565,43.82716049382716,1.1361629130303794,-0.07057043720799352,162
233,50.0,70.0,1.5,35.0,1.0,-2.055156759056219,-9.872225235096565,9.872225235096565,43.82716049382716,1.1361629130303794,-0.07057043720799352,162
234,50.0,70.0,1.5,35.0,1.1,-2.055156759056219,-9.872225235096565,9.872225235096565,43.82716049382716,1.1361629130303794,-0.07057043720799352,162
235,50.0,70.0,2.5,25.0,0.9,13.249167462356432,-9.951711289021059,9.951711289021059,45.0,1.312963149038867,0.40232305884399455,120
236,50.0,70.0,2.5,25.0,1.0,13.249167462356432,-9.951711289021059,9.951711289021059,45.0,1.312963149038867,0.40232305884399455,120
237,50.0,70.0,2.5,25.0,1.1,13.249167462356432,-9.951711289021059,9.951711289021059,45.0,1.312963149038867,0.40232305884399455,120
238,50.0,70.0,2.5,30.0,0.9,13.249167462356432,-9.951711289021059,9.951711289021059,45.0,1.312963149038867,0.40232305884399455,120
239,50.0,70.0,2.5,30.0,1.0,13.249167462356432,-9.951711289021059,9.951711289021059,45.0,1.312963149038867,0.40232305884399455,120
240,50.0,70.0,2.5,30.0,1.1,13.249167462356432,-9.951711289021059,9.951711289021059,45.0,1.312963149038867,0.40232305884399455,120
241,50.0,70.0,2.5,35.0,0.9,13.249167462356432,-9.951711289021059,9.951711289021059,45.0,1.312963149038867,0.40232305884399455,120
242,50.0,70.0,2.5,35.0,1.0,13.249167462356432,-9.951711289021059,9.951711289021059,45.0,1.312963149038867,0.40232305884399455,120
243,50.0,70.0,2.5,35.0,1.1,13.249167462356432,-9.951711289021059,9.951711289021059,45.0,1.312963149038867,0.40232305884399455,120
244,50.0,70.0,3.5,25.0,0.9,20.79947466416168,-9.961724371381353,9.961724371381353,48.46153846153846,1.3978820524323674,0.4908375323664198,130
245,50.0,70.0,3.5,25.0,1.0,20.79947466416168,-9.961724371381353,9.961724371381353,48.46153846153846,1.3978820524323674,0.4908375323664198,130
246,50.0,70.0,3.5,25.0,1.1,20.79947466416168,-9.961724371381353,9.961724371381353,48.46153846153846,1.3978820524323674,0.4908375323664198,130
247,50.0,70.0,3.5,30.0,0.9,20.79947466416168,-9.961724371381353,9.961724371381353,48.46153846153846,1.3978820524323674,0.4908375323664198,130
248,50.0,70.0,3.5,30.0,1.0,20.79947466416168,-9.961724371381353,9.961724371381353,48.46153846153846,1.3978820524323674,0.4908375323664198,130
249,50.0,70.0,3.5,30.0,1.1,20.79947466416168,-9.961724371381353,9.961724371381353,48.46153846153846,1.3978820524323674,0.4908375323664198,130
250,50.0,70.0,3.5,35.0,0.9,20.79947466416168,-9.961724371381353,9.961724371381353,48.46153846153846,1.3978820524323674,0.4908375323664198,130
251,50.0,70.0,3.5,35.0,1.0,20.79947466416168,-9.961724371381353,9.961724371381353,48.46153846153846,1.3978820524323674,0.4908375323664198,130
252,50.0,70.0,3.5,35.0,1.1,20.79947466416168,-9.961724371381353,9.961724371381353,48.46153846153846,1.3978820524323674,0.4908375323664198,130
253,50.0,74.0,0.5,25.0,0.9,-2.055156759056219,-9.872225235096565,9.872225235096565,43.82716049382716,1.1361629130303794,-0.07057043720799352,162
254,50.0,74.0,0.5,25.0,1.0,-2.055156759056219,-9.872225235096565,9.872225235096565,43.82716049382716,1.1361629130303794,-0.07057043720799352,162
255,50.0,74.0,0.5,25.0,1.1,-2.055156759056219,-9.872225235096565,9.872225235096565,43.82716049382716,1.1361629130303794,-0.07057043720799352,162
256,50.0,74.0,0.5,30.0,0.9,-2.055156759056219,-9.872225235096565,9.872225235096565,43.82716049382716,1.1361629130303794,-0.07057043720799352,162
257,50.0,74.0,0.5,30.0,1.0,-2.055156759056219,-9.872225235096565,9.872225235096565,43.82716049382716,1.1361629130303794,-0.07057043720799352,162
258,50.0,74.0,0.5,30.0,1.1,-2.055156759056219,-9.872225235096565,9.872225235096565,43.82716049382716,1.1361629130303794,-0.07057043720799352,162
259,50.0,74.0,0.5,35.0,0.9,-2.055156759056219,-9.872225235096565,9.872225235096565,43.82716049382716,1.1361629130303794,-0.07057043720799352,162
260,50.0,74.0,0.5,35.0,1.0,-2.055156759056219,-9.872225235096565,9.872225235096565,43.82716049382716,1.1361629130303794,-0.07057043720799352,162
261,50.0,74.0,0.5,35.0,1.1,-2.055156759056219,-9.872225235096565,9.872225235096565,43.82716049382716,1.1361629130303794,-0.07057043720799352,162
262,50.0,74.0,1.5,25.0,0.9,-2.055156759056219,-9.872225235096565,9.872225235096565,43.82716049382716,1.1361629130303794,-0.07057043720799352,162
263,50.0,74.0,1.5,25.0,1.0,-2.055156759056219,-9.872225235096565,9.872225235096565,43.82716049382716,1.1361629130303794,-0.07057043720799352,162
264,50.0,74.0,1.5,25.0,1.1,-2.055156759056219,-9.872225235096565,9.872225235096565,43.82716049382716,1.1361629130303794,-0.07057043720799352,162
265,50.0,74.0,1.5,30.0,0.9,-2.055156759056219,-9.872225235096565,9.872225235096565,43.82716049382716,1.1361629130303794,-0.07057043720799352,162
266,50.0,74.0,1.5,30.0,1.0,-2.055156759056219,-9.872225235096565,9.872225235096565,43.82716049382716,1.1361629130303794,-0.07057043720799352,162
267,50.0,74.0,1.5,30.0,1.1,-2.055156759056219,-9.872225235096565,9.872225235096565,43.82716049382716,1.1361629130303794,-0.07057043720799352,162
268,50.0,74.0,1.5,35.0,0.9,-2.055156759056219,-9.872225235096565,9.872225235096565,43.82716049382716,1.1361629130303794,-0.07057043720799352,162
269,50.0,74.0,1.5,35.0,1.0,-2.055156759056219,-9.872225235096565,9.872225235096565,43.82716049382716,1.1361629130303794,-0.07057043720799352,162
270,50.0,74.0,1.5,35.0,1.1,-2.055156759056219,-9.872225235096565,9.872225235096565,43.82716049382716,1.1361629130303794,-0.07057043720799352,162
271,50.0,74.0,2.5,25.0,0.9,13.249167462356432,-9.951711289021059,9.951711289021059,45.0,1.312963149038867,0.40232305884399455,120
272,50.0,74.0,2.5,25.0,1.0,13.249167462356432,-9.951711289021059,9.951711289021059,45.0,1.312963149038867,0.40232305884399455,120
273,50.0,74.0,2.5,25.0,1.1,13.249167462356432,-9.951711289021059,9.951711289021059,45.0,1.312963149038867,0.40232305884399455,120
274,50.0,74.0,2.5,30.0,0.9,13.249167462356432,-9.951711289021059,9.951711289021059,45.0,1.312963149038867,0.40232305884399455,120
275,50.0,74.0,2.5,30.0,1.0,13.249167462356432,-9.951711289021059,9.951711289021059,45.0,1.312963149038867,0.40232305884399455,120
276,50.0,74.0,2.5,30.0,1.1,13.249167462356432,-9.951711289021059,9.951711289021059,45.0,1.312963149038867,0.40232305884399455,120
277,50.0,74.0,2.5,35.0,0.9,13.249167462356432,-9.951711289021059,9.951711289021059,45.0,1.312963149038867,0.40232305884399455,120
278,50.0,74.0,2.5,35.0,1.0,13.249167462356432,-9.951711289021059,9.951711289021059,45.0,1.312963149038867,0.40232305884399455,120
279,50.0,74.0,2.5,35.0,1.1,13.249167462356432,-9.951711289021059,9.951711289021059,45.0,1.312963149038867,0.40232305884399455,120
280,50.0,74.0,3.5,25.0,0.9,20.79947466416168,-9.961724371381353,9.961724371381353,48.46153846153846,1.3978820524323674,0.4908375323664198,130
281,50.0,74.0,3.5,25.0,1.0,20.79947466416168,-9.961724371381353,9.961724371381353,48.46153846153846,1.3978820524323674,0.4908375323664198,130
282,50.0,74.0,3.5,25.0,1.1,20.79947466416168,-9.961724371381353,9.961724371381353,48.46153846153846,1.3978820524323674,0.4908375323664198,130
283,50.0,74.0,3.5,30.0,0.9,20.79947466416168,-9.961724371381353,9.961724371381353,48.46153846153846,1.3978820524323674,0.4908375323664198,130
284,50.0,74.0,3.5,30.0,1.0,20.79947466416168,-9.961724371381353,9.961724371381353,48.46153846153846,1.3978820524323674,0.4908375323664198,130
285,50.0,74.0,3.5,30.0,1.1,20.79947466416168,-9.961724371381353,9.961724371381353,48.46153846153846,1.3978820524323674,0.4908375323664198,130
286,50.0,74.0,3.5,35.0,0.9,20.79947466416168,-9.961724371381353,9.961724371381353,48.46153846153846,1.3978820524323674,0.4908375323664198,130
287,50.0,74.0,3.5,35.0,1.0,20.79947466416168,-9.961724371381353,9.961724371381353,48.46153846153846,1.3978820524323674,0.4908375323664198,130
288,50.0,74.0,3.5,35.0,1.1,20.79947466416168,-9.961724371381353,9.961724371381353,48.46153846153846,1.3978820524323674,0.4908375323664198,130
289,50.0,78.0,0.5,25.0,0.9,-2.055156759056219,-9.872225235096565,9.872225235096565,43.82716049382716,1.1361629130303794,-0.07057043720799352,162
290,50.0,78.0,0.5,25.0,1.0,-2.055156759056219,-9.872225235096565,9.872225235096565,43.82716049382716,1.1361629130303794,-0.07057043720799352,162
291,50.0,78.0,0.5,25.0,1.1,-2.055156759056219,-9.872225235096565,9.872225235096565,43.82716049382716,1.1361629130303794,-0.07057043720799352,162
292,50.0,78.0,0.5,30.0,0.9,-2.055156759056219,-9.872225235096565,9.872225235096565,43.82716049382716,1.1361629130303794,-0.07057043720799352,162
293,50.0,78.0,0.5,30.0,1.0,-2.055156759056219,-9.872225235096565,9.872225235096565,43.82716049382716,1.1361629130303794,-0.07057043720799352,162
294,50.0,78.0,0.5,30.0,1.1,-2.055156759056219,-9.872225235096565,9.872225235096565,43.82716049382716,1.1361629130303794,-0.07057043720799352,162
295,50.0,78.0,0.5,35.0,0.9,-2.055156759056219,-9.872225235096565,9.872225235096565,43.82716049382716,1.1361629130303794,-0.07057043720799352,162
296,50.0,78.0,0.5,35.0,1.0,-2.055156759056219,-9.872225235096565,9.872225235096565,43.82716049382716,1.1361629130303794,-0.07057043720799352,162
297,50.0,78.0,0.5,35.0,1.1,-2.055156759056219,-9.872225235096565,9.872225235096565,43.82716049382716,1.1361629130303794,-0.07057043720799352,162
298,50.0,78.0,1.5,25.0,0.9,-2.055156759056219,-9.872225235096565,9.872225235096565,43.82716049382716,1.1361629130303794,-0.07057043720799352,162
299,50.0,78.0,1.5,25.0,1.0,-2.055156759056219,-9.872225235096565,9.872225235096565,43.82716049382716,1.1361629130303794,-0.07057043720799352,162
300,50.0,78.0,1.5,25.0,1.1,-2.055156759056219,-9.872225235096565,9.872225235096565,43.82716049382716,1.1361629130303794,-0.07057043720799352,162
301,50.0,78.0,1.5,30.0,0.9,-2.055156759056219,-9.872225235096565,9.872225235096565,43.82716049382716,1.1361629130303794,-0.07057043720799352,162
302,50.0,78.0,1.5,30.0,1.0,-2.055156759056219,-9.872225235096565,9.872225235096565,43.82716049382716,1.1361629130303794,-0.07057043720799352,162
303,50.0,78.0,1.5,30.0,1.1,-2.055156759056219,-9.872225235096565,9.872225235096565,43.82716049382716,1.1361629130303794,-0.07057043720799352,162
304,50.0,78.0,1.5,35.0,0.9,-2.055156759056219,-9.872225235096565,9.872225235096565,43.82716049382716,1.1361629130303794,-0.07057043720799352,162
305,50.0,78.0,1.5,35.0,1.0,-2.055156759056219,-9.872225235096565,9.872225235096565,43.82716049382716,1.1361629130303794,-0.07057043720799352,162
306,50.0,78.0,1.5,35.0,1.1,-2.055156759056219,-9.872225235096565,9.872225235096565,43.82716049382716,1.1361629130303794,-0.07057043720799352,162
307,50.0,78.0,2.5,25.0,0.9,13.249167462356432,-9.951711289021059,9.951711289021059,45.0,1.312963149038867,0.40232305884399455,120
308,50.0,78.0,2.5,25.0,1.0,13.249167462356432,-9.951711289021059,9.951711289021059,45.0,1.312963149038867,0.40232305884399455,120
309,50.0,78.0,2.5,25.0,1.1,13.249167462356432,-9.951711289021059,9.951711289021059,45.0,1.312963149038867,0.40232305884399455,120
310,50.0,78.0,2.5,30.0,0.9,13.249167462356432,-9.951711289021059,9.951711289021059,45.0,1.312963149038867,0.40232305884399455,120
311,50.0,78.0,2.5,30.0,1.0,13.249167462356432,-9.951711289021059,9.951711289021059,45.0,1.312963149038867,0.40232305884399455,120
312,50.0,78.0,2.5,30.0,1.1,13.249167462356432,-9.951711289021059,9.951711289021059,45.0,1.312963149038867,0.40232305884399455,120
313,50.0,78.0,2.5,35.0,0.9,13.249167462356432,-9.951711289021059,9.951711289021059,45.0,1.312963149038867,0.40232305884399455,120
314,50.0,78.0,2.5,35.0,1.0,13.249167462356432,-9.951711289021059,9.951711289021059,45.0,1.312963149038867,0.40232305884399455,120
315,50.0,78.0,2.5,35.0,1.1,13.249167462356432,-9.951711289021059,9.951711289021059,45.0,1.312963149038867,0.40232305884399455,120
316,50.0,78.0,3.5,25.0,0.9,20.79947466416168,-9.961724371381353,9.961724371381353,48.46153846153846,1.3978820524323674,0.4908375323664198,130
317,50.0,78.0,3.5,25.0,1.0,20.79947466416168,-9.961724371381353,9.961724371381353,48.46153846153846,1.3978820524323674,0.4908375323664198,130
318,50.0,78.0,3.5,25.0,1.1,20.79947466416168,-9.961724371381353,9.961724371381353,48.46153846153846,1.3978820524323674,0.4908375323664198,130
319,50.0,78.0,3.5,30.0,0.9,20.79947466416168,-9.961724371381353,9.961724371381353,48.46153846153846,1.3978820524323674,0.4908375323664198,130
320,50.0,78.0,3.5,30.0,1.0,20.79947466416168,-9.961724371381353,9.961724371381353,48.46153846153846,1.3978820524323674,0.4908375323664198,130
321,50.0,78.0,3.5,30.0,1.1,20.79947466416168,-9.961724371381353,9.961724371381353,48.46153846153846,1.3978820524323674,0.4908375323664198,130
322,50.0,78.0,3.5,35.0,0.9,20.79947466416168,-9.961724371381353,9.961724371381353,48.46153846153846,1.3978820524323674,0.4908375323664198,130
323,50.0,78.0,3.5,35.0,1.0,20.79947466416168,-9.961724371381353,9.961724371381353,48.46153846153846,1.3978820524323674,0.4908375323664198,130
324,50.0,78.0,3.5,35.0,1.1,20.79947466416168,-9.961724371381353,9.961724371381353,48.46153846153846,1.3978820524323674,0.4908375323664198,130
